Date,Open,High,Low,Close,Volume,Adj Close
2010-06-01,17.43,17.69,17.19,17.3,21809102.0,17.3
2010-06-02,17.25,17.41,16.92,17.23,25125605.0,17.23
2010-06-03,17.31,17.71,17.22,17.22,28756178.0,17.22
2010-06-04,17.21,17.5,17.16,17.3,13473513.0,17.3
2010-06-07,17.1,17.3,16.81,16.91,24149327.0,16.91
2010-06-08,16.92,17.02,16.5,16.7,17033017.0,16.7
2010-06-09,16.79,17.79,16.58,17.67,49574374.0,17.67
2010-06-10,17.27,17.47,17.08,17.11,28464074.0,17.11
2010-06-11,17.21,17.46,17.0,17.15,20998339.0,17.15
2010-06-17,17.15,17.15,17.15,17.15,0.0,17.15
2010-06-18,17.19,17.75,17.15,17.32,44849256.0,17.32
2010-06-21,17.31,18.52,17.31,18.3,58980712.0,18.3
2010-06-22,18.25,18.82,18.11,18.53,41713771.0,18.53
2010-06-23,18.3,18.62,18.13,18.35,32467950.0,18.35
2010-06-24,18.3,18.81,18.23,18.53,23351519.0,18.53
2010-06-25,18.39,18.5,18.03,18.11,22750285.0,18.11
2010-06-28,18.05,18.6,18.05,18.49,24414809.0,18.49
2010-06-29,18.53,18.53,17.5,17.51,30668325.0,17.51
2010-06-30,17.51,17.51,17.51,17.51,0.0,17.51
2010-07-01,17.51,17.51,17.51,17.51,0.0,17.51
2010-07-02,17.51,17.51,17.51,17.51,0.0,17.51
2010-07-05,17.51,17.51,17.51,17.51,0.0,17.51
2010-07-06,17.51,17.51,17.51,17.51,0.0,17.51
2010-07-07,17.51,17.51,17.51,17.51,0.0,17.51
2010-07-08,17.51,17.51,17.51,17.51,0.0,17.51
2010-07-09,17.51,17.51,17.51,17.51,0.0,17.51
2010-07-12,17.51,17.51,17.51,17.51,0.0,17.51
2010-07-13,17.51,17.51,17.51,17.51,0.0,17.51
2010-07-14,17.51,17.51,17.51,17.51,0.0,17.51
2010-07-15,17.51,17.51,17.51,17.51,0.0,17.51
2010-07-16,17.51,17.51,17.51,17.51,0.0,17.51
2010-07-19,17.51,17.51,17.51,17.51,0.0,17.51
2010-07-20,17.51,17.51,17.51,17.51,0.0,17.51
2010-07-21,17.51,17.51,17.51,17.51,0.0,17.51
2010-07-22,17.51,17.51,17.51,17.51,0.0,17.51
2010-07-23,17.51,17.51,17.51,17.51,0.0,17.51
2010-07-26,17.51,17.51,17.51,17.51,0.0,17.51
2010-07-27,17.51,17.51,17.51,17.51,0.0,17.51
2010-07-28,17.51,17.51,17.51,17.51,0.0,17.51
2010-07-29,17.51,17.51,17.51,17.51,0.0,17.51
2010-07-30,17.51,17.51,17.51,17.51,0.0,17.51
2010-08-02,17.51,17.51,17.51,17.51,0.0,17.51
2010-08-03,17.51,17.51,17.51,17.51,0.0,17.51
2010-08-04,17.51,17.51,17.51,17.51,0.0,17.51
2010-08-05,17.51,17.51,17.51,17.51,0.0,17.51
2010-08-06,17.51,17.51,17.51,17.51,0.0,17.51
2010-08-09,17.51,17.51,17.51,17.51,0.0,17.51
2010-08-10,17.51,17.51,17.51,17.51,0.0,17.51
2010-08-11,17.51,17.51,17.51,17.51,0.0,17.51
2010-08-12,17.51,17.51,17.51,17.51,0.0,17.51
2010-08-13,17.51,17.51,17.51,17.51,0.0,17.51
2010-08-16,17.51,17.51,17.51,17.51,0.0,17.51
2010-08-17,17.51,17.51,17.51,17.51,0.0,17.51
2010-08-18,17.51,17.51,17.51,17.51,0.0,17.51
2010-08-19,17.51,17.51,17.51,17.51,0.0,17.51
2010-08-20,17.51,17.51,17.51,17.51,0.0,17.51
2010-08-23,17.51,17.51,17.51,17.51,0.0,17.51
2010-08-24,17.51,17.51,17.51,17.51,0.0,17.51
2010-08-25,17.51,17.51,17.51,17.51,0.0,17.51
2010-08-26,17.51,17.51,17.51,17.51,0.0,17.51
2010-08-27,17.51,17.51,17.51,17.51,0.0,17.51
2010-08-30,17.51,17.51,17.51,17.51,0.0,17.51
2010-08-31,17.51,17.51,17.51,17.51,0.0,17.51
2010-09-01,17.51,17.51,17.51,17.51,0.0,17.51
2010-09-02,19.0,19.0,17.89,18.19,163454210.0,18.19
2010-09-03,18.17,18.17,17.67,17.76,62412922.0,17.76
2010-09-06,17.86,18.39,17.77,18.2,60906962.0,18.2
2010-09-07,18.34,18.34,17.94,18.04,39285263.0,18.04
2010-09-08,17.91,17.91,17.51,17.65,49003578.0,17.65
2010-09-09,17.65,17.65,17.17,17.22,46989764.0,17.22
2010-09-10,17.16,17.41,17.0,17.2,25184777.0,17.2
2010-09-13,17.21,17.4,16.78,17.09,50222827.0,17.09
2010-09-14,17.15,17.36,17.09,17.18,29949471.0,17.18
2010-09-15,17.2,17.29,16.92,16.92,25923560.0,16.92
2010-09-16,17.0,17.14,16.55,16.63,28607640.0,16.63
2010-09-17,16.67,16.9,16.61,16.65,22079299.0,16.65
2010-09-20,16.67,16.94,16.51,16.7,19768687.0,16.7
2010-09-21,16.78,16.83,16.55,16.61,13399227.0,16.61
2010-09-27,16.64,16.75,16.43,16.69,18833173.0,16.69
2010-09-28,16.67,16.67,16.26,16.26,24652646.0,16.26
2010-09-29,16.22,16.43,16.11,16.22,21347578.0,16.22
2010-09-30,16.22,16.22,16.22,16.22,0.0,16.22
2010-10-08,16.7,17.34,16.5,17.22,53671585.0,17.22
2010-10-11,17.32,18.36,17.32,18.04,87403016.0,18.04
2010-10-12,18.06,18.15,17.8,17.97,47759448.0,17.97
2010-10-13,17.99,18.55,17.97,18.54,82596178.0,18.54
2010-10-14,18.65,19.29,18.31,18.34,100374925.0,18.34
2010-10-15,18.2,19.38,18.18,19.15,116893821.0,19.15
2010-10-18,19.4,20.06,19.1,19.17,107408195.0,19.17
2010-10-19,19.12,19.63,18.83,19.55,58071926.0,19.55
2010-10-20,19.15,19.98,19.15,19.47,73972716.0,19.47
2010-10-21,19.47,19.5,18.77,18.85,55499968.0,18.85
2010-10-22,18.55,18.81,18.33,18.52,53822205.0,18.52
2010-10-25,18.55,18.97,18.26,18.91,46830575.0,18.91
2010-10-26,19.0,19.25,18.55,18.66,42230044.0,18.66
2010-10-27,18.59,19.08,18.35,18.56,39503155.0,18.56
2010-10-28,18.6,18.9,18.43,18.77,38463140.0,18.77
2010-10-29,18.79,18.81,18.34,18.41,35857718.0,18.41
2010-11-01,18.49,18.75,18.43,18.57,59127284.0,18.57
2010-11-02,18.57,18.85,18.35,18.66,63981741.0,18.66
2010-11-03,18.63,19.31,18.41,19.05,91079640.0,19.05
2010-11-04,18.93,19.15,18.75,18.92,61345827.0,18.92
2010-11-05,19.1,19.19,18.79,18.93,50395937.0,18.93
2010-11-08,18.97,19.39,18.97,19.14,62519447.0,19.14
2010-11-09,19.16,19.18,18.6,18.65,56692623.0,18.65
2010-11-10,18.54,18.55,18.1,18.13,57120450.0,18.13
2010-11-11,18.2,18.66,18.08,18.44,67968660.0,18.44
2010-11-12,18.21,18.29,17.13,17.19,61625685.0,17.19
2010-11-15,17.25,17.32,16.99,17.31,43991846.0,17.31
2010-11-16,17.3,17.3,16.66,16.7,44266710.0,16.7
2010-11-17,16.57,17.07,16.51,16.8,33927446.0,16.8
2010-11-18,16.93,17.27,16.85,17.18,43733956.0,17.18
2010-11-19,17.2,17.22,16.59,17.01,43301461.0,17.01
2010-11-22,16.8,16.85,16.6,16.68,35349870.0,16.68
2010-11-23,16.58,16.7,16.25,16.55,32938478.0,16.55
2010-11-24,16.45,16.9,16.41,16.76,31836654.0,16.76
2010-11-25,16.81,17.12,16.6,16.95,38293999.0,16.95
2010-11-26,16.93,16.93,16.65,16.69,23703058.0,16.69
2010-11-29,16.59,16.88,16.48,16.72,20063995.0,16.72
2010-11-30,16.65,16.79,16.18,16.39,28262144.0,16.39
2010-12-01,16.39,16.56,16.3,16.49,15427254.0,16.49
2010-12-02,16.71,16.79,16.48,16.51,20269979.0,16.51
2010-12-03,16.56,16.65,16.45,16.57,15700622.0,16.57
2010-12-06,16.6,16.88,16.5,16.74,21792398.0,16.74
2010-12-07,16.69,16.83,16.42,16.73,19954522.0,16.73
2010-12-08,16.7,16.74,16.45,16.49,17288608.0,16.49
2010-12-09,16.47,16.49,16.2,16.21,24029374.0,16.21
2010-12-10,16.2,16.38,16.1,16.34,19834112.0,16.34
2010-12-13,16.35,16.64,16.26,16.62,28080363.0,16.62
2010-12-14,16.62,16.65,16.48,16.54,23751670.0,16.54
2010-12-15,16.6,16.8,16.51,16.59,28127659.0,16.59
2010-12-16,16.62,16.72,16.43,16.45,22055606.0,16.45
2010-12-17,16.45,16.5,16.29,16.35,17302092.0,16.35
2010-12-20,16.39,16.44,15.99,16.13,25620545.0,16.13
2010-12-21,16.17,16.65,16.07,16.57,30685363.0,16.57
2010-12-22,16.61,16.63,16.2,16.23,22703588.0,16.23
2010-12-23,16.23,16.23,16.23,16.23,0.0,16.23
2010-12-24,16.2,16.6,16.15,16.44,28612724.0,16.44
2010-12-27,16.62,16.73,16.02,16.07,30865798.0,16.07
2010-12-28,16.08,16.22,15.95,15.95,26556645.0,15.95
2010-12-29,15.95,15.98,15.6,15.77,23683256.0,15.77
2010-12-30,15.77,15.8,15.51,15.67,17826665.0,15.67
2010-12-31,15.68,15.87,15.59,15.79,24089142.0,15.79
2011-01-04,15.82,16.18,15.65,16.02,35884061.0,16.02
2011-01-05,15.99,16.13,15.91,15.93,23746263.0,15.93
2011-01-06,15.93,16.08,15.7,15.81,20653127.0,15.81
2011-01-07,15.8,16.78,15.7,16.41,77048221.0,16.41
2011-01-10,16.23,16.4,15.9,15.98,36187213.0,15.98
2011-01-11,15.9,16.29,15.88,16.19,20820063.0,16.19
2011-01-12,16.23,16.42,16.11,16.4,27713344.0,16.4
2011-01-13,16.48,16.55,16.31,16.34,19481115.0,16.34
2011-01-14,16.29,16.29,15.98,15.99,20691457.0,15.99
2011-01-17,15.81,15.93,15.36,15.38,26616457.0,15.38
2011-01-18,15.4,15.45,15.26,15.34,15555469.0,15.34
2011-01-19,15.35,15.52,15.23,15.49,16794489.0,15.49
2011-01-20,15.48,15.48,14.92,14.92,28757900.0,14.92
2011-01-21,14.87,15.6,14.86,15.15,22997723.0,15.15
2011-01-24,15.15,15.2,14.95,15.05,15382697.0,15.05
2011-01-25,15.11,15.24,15.0,15.17,13420138.0,15.17
2011-01-26,15.15,15.3,15.13,15.26,10506028.0,15.26
2011-01-27,15.15,15.4,15.0,15.33,25551127.0,15.33
2011-01-28,15.32,15.36,15.06,15.2,18541949.0,15.2
2011-01-31,15.2,15.33,15.09,15.31,14024473.0,15.31
2011-02-01,15.32,15.49,15.26,15.44,15169758.0,15.44
2011-02-09,15.35,15.55,15.23,15.25,16650833.0,15.25
2011-02-10,15.25,15.47,15.2,15.45,13682225.0,15.45
2011-02-11,15.38,15.59,15.3,15.5,22582808.0,15.5
2011-02-14,15.49,16.09,15.48,16.0,41765667.0,16.0
2011-02-15,16.01,16.08,15.81,15.82,32109851.0,15.82
2011-02-16,15.81,15.95,15.72,15.88,18320572.0,15.88
2011-02-17,15.96,16.17,15.84,15.98,25381007.0,15.98
2011-02-18,15.9,16.1,15.8,15.98,22880239.0,15.98
2011-02-21,15.8,16.0,15.75,15.97,31654343.0,15.97
2011-02-22,15.98,15.99,15.46,15.47,34395853.0,15.47
2011-02-23,15.49,15.72,15.47,15.58,35743431.0,15.58
2011-02-24,15.58,15.59,15.4,15.56,20230781.0,15.56
2011-02-25,15.61,16.17,15.46,15.89,50926394.0,15.89
2011-02-28,15.81,15.98,15.63,15.93,30763735.0,15.93
2011-03-01,15.95,16.19,15.87,16.04,48277554.0,16.04
2011-03-02,15.95,16.3,15.91,16.18,48810709.0,16.18
2011-03-03,16.2,16.77,16.18,16.4,98048937.0,16.4
2011-03-04,16.45,16.75,16.31,16.68,50539628.0,16.68
2011-03-07,16.78,16.97,16.55,16.74,49762450.0,16.74
2011-03-08,16.74,16.86,16.57,16.65,32181261.0,16.65
2011-03-09,16.7,16.87,16.68,16.69,32364768.0,16.69
2011-03-10,16.6,16.6,16.22,16.25,30849383.0,16.25
2011-03-11,16.18,16.29,16.03,16.05,23016686.0,16.05
2011-03-14,16.0,16.19,15.99,16.17,21799970.0,16.17
2011-03-15,16.02,16.1,15.7,15.84,28438142.0,15.84
2011-03-16,15.86,16.0,15.74,15.95,24207567.0,15.95
2011-03-17,15.82,15.9,15.68,15.71,20726243.0,15.71
2011-03-18,15.89,15.89,15.75,15.83,14524328.0,15.83
2011-03-21,15.8,15.89,15.72,15.77,16015761.0,15.77
2011-03-22,15.83,16.05,15.65,16.01,25194371.0,16.01
2011-03-23,15.96,16.15,15.92,16.1,22679887.0,16.1
2011-03-24,16.09,16.1,15.95,15.98,16012496.0,15.98
2011-03-25,15.98,16.34,15.96,16.26,36086255.0,16.26
2011-03-28,16.37,16.62,16.32,16.33,36793238.0,16.33
2011-03-29,16.36,16.75,16.31,16.5,48258736.0,16.5
2011-03-30,16.48,16.7,16.35,16.38,27507684.0,16.38
2011-03-31,16.38,16.46,16.01,16.08,21336829.0,16.08
2011-04-01,16.08,16.58,16.07,16.57,32324047.0,16.57
2011-04-06,16.6,17.08,16.6,17.0,74524386.0,17.0
2011-04-07,17.0,17.37,16.85,17.2,64881087.0,17.2
2011-04-08,17.16,17.24,16.96,17.17,26811761.0,17.17
2011-04-11,17.18,17.55,17.0,17.03,56381824.0,17.03
2011-04-12,17.1,17.35,16.97,17.06,38618173.0,17.06
2011-04-13,17.0,18.05,16.89,18.05,72385124.0,18.05
2011-04-14,18.47,18.6,18.1,18.19,104925065.0,18.19
2011-04-15,18.21,18.77,18.15,18.73,67079415.0,18.73
2011-04-18,18.67,18.88,18.45,18.87,58014896.0,18.87
2011-04-19,18.63,18.75,18.33,18.43,52577707.0,18.43
2011-04-20,18.43,18.55,17.91,18.07,48925674.0,18.07
2011-04-21,18.2,18.43,18.05,18.12,31806222.0,18.12
2011-04-22,18.0,18.13,17.73,17.86,30666850.0,17.86
2011-04-25,17.88,18.27,17.7,18.08,35864668.0,18.08
2011-04-26,18.04,18.44,17.98,18.42,38943064.0,18.42
2011-04-27,18.43,18.78,18.09,18.28,53270504.0,18.28
2011-04-28,18.42,19.0,18.36,18.62,64895809.0,18.62
2011-04-29,18.6,18.6,17.91,18.2,50049593.0,18.2
2011-05-03,18.15,18.36,18.07,18.22,22105844.0,18.22
2011-05-04,18.0,18.34,17.68,17.86,39381978.0,17.86
2011-05-05,17.63,17.92,17.62,17.73,24603790.0,17.73
2011-05-06,17.55,17.84,17.46,17.54,24111905.0,17.54
2011-05-09,17.54,17.54,17.54,17.54,0.0,17.54
2011-05-10,17.54,17.54,17.54,17.54,0.0,17.54
2011-05-11,17.54,17.54,17.54,17.54,0.0,17.54
2011-05-12,17.54,17.54,17.54,17.54,0.0,17.54
2011-05-13,17.5,17.72,17.0,17.67,36798422.0,17.67
2011-05-16,17.46,17.64,17.14,17.15,19710485.0,17.15
2011-05-17,17.15,17.97,17.15,17.86,31970891.0,17.86
2011-05-18,17.74,18.41,17.67,18.11,29415320.0,18.11
2011-05-19,18.17,18.36,17.88,17.93,16459997.0,17.93
2011-05-20,17.92,18.59,17.89,18.34,31190030.0,18.34
2011-05-23,18.27,18.3,17.64,17.9,32912056.0,17.9
2011-05-24,17.8,18.34,17.8,18.16,29158742.0,18.16
2011-05-25,18.16,18.16,18.16,18.16,0.0,18.16
2011-05-26,17.93,18.1,17.61,17.79,29474005.0,17.79
2011-05-27,17.7,17.98,17.6,17.6,23833087.0,17.6
2011-05-30,17.47,17.7,17.27,17.57,15090147.0,17.57
2011-05-31,17.57,17.74,17.17,17.66,19360769.0,17.66
2011-06-01,17.65,17.65,17.33,17.43,18103530.0,17.43
2011-06-02,17.2,17.33,16.49,16.7,43960073.0,16.7
2011-06-03,16.61,16.79,16.49,16.71,15453683.0,16.71
2011-06-07,16.55,16.92,16.45,16.85,14608911.0,16.85
2011-06-08,16.82,16.82,16.48,16.69,16075948.0,16.69
2011-06-09,16.6,16.81,16.53,16.55,12022235.0,16.55
2011-06-10,16.51,16.75,16.4,16.53,14557106.0,16.53
2011-06-13,16.39,16.45,16.11,16.31,16282265.0,16.31
2011-06-14,16.3,16.82,16.25,16.51,27898386.0,16.51
2011-06-15,16.46,16.62,16.26,16.26,16867712.0,16.26
2011-06-16,16.14,16.23,15.93,15.97,17385079.0,15.97
2011-06-17,16.04,16.12,15.85,15.89,19132951.0,15.89
2011-06-20,15.9,16.04,15.75,16.02,12269128.0,16.02
2011-06-21,16.06,16.33,15.99,16.28,19391196.0,16.28
2011-06-22,16.3,16.41,16.18,16.26,15194027.0,16.26
2011-06-23,16.2,16.67,16.15,16.6,16588875.0,16.6
2011-06-24,16.52,17.19,16.5,16.99,32282577.0,16.99
2011-06-27,16.98,17.53,16.93,17.09,28093322.0,17.09
2011-06-28,17.4,17.4,16.79,17.04,20652919.0,17.04
2011-06-29,17.13,17.17,16.58,16.63,25898152.0,16.63
2011-06-30,16.69,17.21,16.67,17.07,27584004.0,17.07
2011-07-01,17.15,17.15,16.83,16.93,24878949.0,16.93
2011-07-04,16.99,17.56,16.97,17.55,37824912.0,17.55
2011-07-05,17.5,17.53,17.28,17.4,19056022.0,17.4
2011-07-06,17.31,17.37,17.05,17.24,20647586.0,17.24
2011-07-07,17.5,17.63,17.14,17.29,33785505.0,17.29
2011-07-08,17.29,17.8,17.22,17.52,26960365.0,17.52
2011-07-11,17.39,17.63,17.35,17.4,16173487.0,17.4
2011-07-12,17.27,17.28,16.94,17.0,24514304.0,17.0
2011-07-13,17.25,17.72,17.13,17.54,32429428.0,17.54
2011-07-14,17.57,17.65,17.38,17.58,24447810.0,17.58
2011-07-15,17.55,18.2,17.39,17.99,37573799.0,17.99
2011-07-18,18.0,18.13,17.79,17.94,19781464.0,17.94
2011-07-19,17.75,17.76,17.48,17.54,21935526.0,17.54
2011-07-20,17.69,17.74,17.38,17.54,14593499.0,17.54
2011-07-21,17.52,17.56,17.17,17.18,18897122.0,17.18
2011-07-22,17.25,17.45,17.15,17.21,12273319.0,17.21
2011-07-25,17.1,17.26,16.75,16.87,19707011.0,16.87
2011-07-26,16.88,17.3,16.8,17.23,17324249.0,17.23
2011-07-27,17.05,17.34,17.02,17.18,15007940.0,17.18
2011-07-28,17.01,17.02,16.72,16.85,18780609.0,16.85
2011-07-29,16.92,17.75,16.7,17.34,31350764.0,17.34
2011-08-01,17.2,17.52,16.98,17.2,20792007.0,17.2
2011-08-02,17.05,17.12,16.73,17.0,19388301.0,17.0
2011-08-03,16.78,17.08,16.72,16.86,14194473.0,16.86
2011-08-04,16.89,17.2,16.87,16.89,11502275.0,16.89
2011-08-05,16.54,16.62,16.29,16.3,24826954.0,16.3
2011-08-08,16.22,16.51,15.75,16.0,25034798.0,16.0
2011-08-09,15.74,16.23,15.55,16.03,27088571.0,16.03
2011-08-10,16.25,16.4,16.08,16.09,18298391.0,16.09
2011-08-11,15.83,16.48,15.8,16.43,18987370.0,16.43
2011-08-12,16.49,16.7,16.4,16.64,18053417.0,16.64
2011-08-15,16.65,17.25,16.37,17.13,30852781.0,17.13
2011-08-16,17.09,17.29,16.98,17.05,19781800.0,17.05
2011-08-17,17.05,17.05,17.05,17.05,0.0,17.05
2011-08-18,17.08,17.33,16.67,16.73,25245981.0,16.73
2011-08-19,16.4,16.63,16.29,16.6,15545149.0,16.6
2011-08-22,16.54,16.64,16.27,16.42,12807347.0,16.42
2011-08-23,16.44,16.69,16.37,16.64,10465458.0,16.64
2011-08-24,16.68,16.73,16.35,16.39,12520897.0,16.39
2011-08-25,16.5,17.37,16.39,17.34,46535409.0,17.34
2011-08-26,17.2,17.39,17.13,17.38,25855821.0,17.38
2011-08-29,17.0,17.0,16.56,16.72,45187136.0,16.72
2011-08-30,16.82,17.12,16.67,16.68,22000548.0,16.68
2011-08-31,16.7,17.02,16.55,16.85,13043411.0,16.85
2011-09-01,16.85,17.05,16.79,16.93,11465355.0,16.93
2011-09-02,16.93,16.93,16.93,16.93,0.0,16.93
2011-09-05,16.6,16.68,16.36,16.45,13828628.0,16.45
2011-09-06,16.35,16.51,16.3,16.36,11350557.0,16.36
2011-09-07,16.49,16.76,16.34,16.66,13007207.0,16.66
2011-09-08,16.66,16.74,16.52,16.57,10076662.0,16.57
2011-09-09,16.65,16.87,16.37,16.48,10662894.0,16.48
2011-09-13,16.2,16.53,16.16,16.52,10320508.0,16.52
2011-09-14,16.54,16.59,16.16,16.42,14722697.0,16.42
2011-09-15,16.45,16.68,16.41,16.56,17064236.0,16.56
2011-09-16,16.65,17.1,16.62,17.0,36953539.0,17.0
2011-09-19,16.81,16.82,16.56,16.6,10599840.0,16.6
2011-09-20,16.55,16.92,16.5,16.74,7712700.0,16.74
2011-09-21,16.74,17.2,16.61,17.06,18368645.0,17.06
2011-09-22,16.88,16.94,16.68,16.7,15644754.0,16.7
2011-09-23,16.41,16.83,16.33,16.62,15181093.0,16.62
2011-09-26,16.43,16.76,15.98,16.04,19813812.0,16.04
2011-09-27,16.2,16.3,15.91,16.17,13761782.0,16.17
2011-09-28,16.28,16.28,15.9,16.0,9670343.0,16.0
2011-09-29,15.9,16.13,15.84,16.04,11315764.0,16.04
2011-09-30,16.08,16.22,16.0,16.04,14204046.0,16.04
2011-10-10,15.95,16.04,15.45,15.5,20965594.0,15.5
2011-10-11,16.0,16.09,15.54,15.65,21464906.0,15.65
2011-10-12,15.55,16.4,15.49,16.36,27447241.0,16.36
2011-10-13,16.25,16.43,16.22,16.35,14506496.0,16.35
2011-10-14,16.29,16.42,16.12,16.36,8695258.0,16.36
2011-10-17,16.48,16.71,16.42,16.54,11711517.0,16.54
2011-10-18,16.41,16.44,15.99,16.02,13801277.0,16.02
2011-10-19,16.11,16.28,16.01,16.06,8237424.0,16.06
2011-10-20,16.0,16.03,15.7,15.8,9245905.0,15.8
2011-10-21,15.9,16.18,15.77,16.03,14082651.0,16.03
2011-10-24,16.1,16.67,15.93,16.53,24059040.0,16.53
2011-10-25,16.52,16.77,16.4,16.64,19957370.0,16.64
2011-10-26,16.65,16.93,16.6,16.75,24416173.0,16.75
2011-10-27,16.77,16.93,16.61,16.72,14650097.0,16.72
2011-10-28,17.0,17.2,16.88,17.03,28495748.0,17.03
2011-10-31,17.03,17.08,16.63,16.88,14176696.0,16.88
2011-11-01,16.76,17.11,16.68,16.85,17930975.0,16.85
2011-11-02,16.64,17.12,16.62,17.12,19069442.0,17.12
2011-11-03,17.11,17.19,16.78,16.88,26232886.0,16.88
2011-11-04,17.0,17.05,16.83,16.98,13339644.0,16.98
2011-11-07,16.85,16.92,16.62,16.72,12957718.0,16.72
2011-11-08,16.74,16.87,16.66,16.74,9670530.0,16.74
2011-11-09,16.79,16.96,16.68,16.94,11355254.0,16.94
2011-11-10,16.78,16.97,16.7,16.78,15843664.0,16.78
2011-11-11,16.77,16.84,16.51,16.57,16526727.0,16.57
2011-11-14,16.68,16.85,16.57,16.73,17925053.0,16.73
2011-11-15,16.68,16.72,16.38,16.47,21708890.0,16.47
2011-11-16,16.47,16.48,15.97,16.03,19927201.0,16.03
2011-11-17,16.08,16.13,15.94,15.98,10961862.0,15.98
2011-11-18,15.89,16.08,15.86,15.95,14386865.0,15.95
2011-11-21,15.97,15.97,15.8,15.95,13673657.0,15.95
2011-11-22,15.9,16.12,15.82,16.05,13281831.0,16.05
2011-11-23,16.1,16.14,15.72,15.76,18894417.0,15.76
2011-11-24,15.71,15.92,15.59,15.84,12146393.0,15.84
2011-11-25,15.73,15.86,15.69,15.79,8446296.0,15.79
2011-11-28,15.82,15.92,15.71,15.78,9813225.0,15.78
2011-11-29,15.94,16.01,15.8,15.96,15649490.0,15.96
2011-11-30,15.95,15.96,15.48,15.51,19165719.0,15.51
2011-12-01,15.93,16.27,15.85,15.88,41183238.0,15.88
2011-12-02,15.81,16.02,15.74,15.95,18186014.0,15.95
2011-12-05,15.94,16.04,15.7,15.95,11349137.0,15.95
2011-12-06,15.95,15.95,15.95,15.95,0.0,15.95
2011-12-07,15.9,16.15,15.86,16.05,14862428.0,16.05
2011-12-08,16.05,16.13,15.81,15.94,18705207.0,15.94
2011-12-09,15.88,15.96,15.79,15.85,8686255.0,15.85
2011-12-12,15.86,15.96,15.72,15.84,8633134.0,15.84
2011-12-13,15.8,15.93,15.64,15.68,19000444.0,15.68
2011-12-14,15.68,15.76,15.5,15.6,8493106.0,15.6
2011-12-15,15.51,15.58,15.02,15.05,19273651.0,15.05
2011-12-16,15.08,15.39,14.93,15.28,15737768.0,15.28
2011-12-19,15.17,15.46,15.02,15.35,12810069.0,15.35
2011-12-20,15.3,15.57,15.27,15.33,9463751.0,15.33
2011-12-21,15.47,15.62,15.31,15.34,14660853.0,15.34
2011-12-22,15.31,15.56,15.2,15.45,10984934.0,15.45
2011-12-23,15.43,15.61,15.36,15.42,9946525.0,15.42
2011-12-26,15.4,15.53,15.34,15.42,7377643.0,15.42
2011-12-27,15.41,15.61,15.4,15.48,13879755.0,15.48
2011-12-28,15.42,15.56,15.1,15.3,11317934.0,15.3
2011-12-29,15.25,15.42,15.21,15.31,12859277.0,15.31
2011-12-30,15.35,15.59,15.3,15.59,26148736.0,15.59
2012-01-04,15.59,15.59,15.15,15.16,14791098.0,15.16
2012-01-05,15.16,15.55,15.13,15.39,24408005.0,15.39
2012-01-06,15.35,15.51,15.15,15.35,13315115.0,15.35
2012-01-09,15.36,15.81,15.25,15.78,22113866.0,15.78
2012-01-10,15.78,15.78,15.78,15.78,0.0,15.78
2012-01-11,15.78,15.78,15.78,15.78,0.0,15.78
2012-01-12,15.78,15.78,15.78,15.78,0.0,15.78
2012-01-13,15.78,15.78,15.78,15.78,0.0,15.78
2012-01-16,15.78,15.78,15.78,15.78,0.0,15.78
2012-01-17,15.78,15.78,15.78,15.78,0.0,15.78
2012-01-18,15.78,15.78,15.78,15.78,0.0,15.78
2012-01-19,15.78,15.78,15.78,15.78,0.0,15.78
2012-01-20,16.73,16.94,16.32,16.78,58667566.0,16.78
2012-01-30,16.81,16.94,16.63,16.71,33298845.0,16.71
2012-01-31,16.72,16.8,16.5,16.64,17326547.0,16.64
2012-02-01,16.58,16.8,16.43,16.45,18515899.0,16.45
2012-02-02,16.5,16.96,16.45,16.92,24462346.0,16.92
2012-02-03,16.86,17.04,16.7,16.99,22996446.0,16.99
2012-02-06,17.0,17.02,16.77,16.83,15780815.0,16.83
2012-02-07,16.74,16.78,16.54,16.59,12208636.0,16.59
2012-02-08,16.58,17.01,16.58,16.9,17227257.0,16.9
2012-02-09,16.9,16.9,16.9,16.9,0.0,16.9
2012-02-10,16.8,16.98,16.8,16.91,18211847.0,16.91
2012-02-13,16.79,16.81,16.58,16.68,21506688.0,16.68
2012-02-14,16.65,16.72,16.49,16.6,10854644.0,16.6
2012-02-15,16.59,16.76,16.45,16.62,20130583.0,16.62
2012-02-16,16.62,16.69,16.36,16.45,27369217.0,16.45
2012-02-17,16.54,16.57,16.4,16.45,15069047.0,16.45
2012-02-20,16.74,16.75,16.44,16.45,22420577.0,16.45
2012-02-21,16.48,16.54,16.34,16.49,15026488.0,16.49
2012-02-22,16.49,16.65,16.44,16.62,31739776.0,16.62
2012-02-23,16.62,16.76,16.59,16.63,22626761.0,16.63
2012-02-24,16.69,16.87,16.53,16.87,36410465.0,16.87
2012-02-27,16.9,17.19,16.76,16.92,44761711.0,16.92
2012-02-28,16.93,17.48,16.9,17.25,46014184.0,17.25
2012-02-29,17.27,17.27,17.02,17.1,26302462.0,17.1
2012-03-01,17.08,17.44,17.06,17.23,29162131.0,17.23
2012-03-02,17.23,17.5,17.22,17.48,29097318.0,17.48
2012-03-05,17.53,17.78,17.22,17.27,35041730.0,17.27
2012-03-06,17.21,17.3,16.9,16.95,33137414.0,16.95
2012-03-07,16.8,17.03,16.75,16.8,20137130.0,16.8
2012-03-08,16.92,17.16,16.85,17.03,28878270.0,17.03
2012-03-09,16.9,16.94,16.66,16.87,53053644.0,16.87
2012-03-12,16.88,16.88,16.64,16.7,27064787.0,16.7
2012-03-13,16.75,16.88,16.68,16.85,23753057.0,16.85
2012-03-14,16.92,17.04,16.44,16.48,43996405.0,16.48
2012-03-15,16.49,16.58,16.25,16.25,25804871.0,16.25
2012-03-16,16.27,16.41,16.16,16.4,16786552.0,16.4
2012-03-19,16.34,16.4,16.2,16.35,16746474.0,16.35
2012-03-20,16.32,16.33,16.05,16.07,20304048.0,16.07
2012-03-21,16.2,16.22,16.02,16.1,15040403.0,16.1
2012-03-22,16.11,16.28,15.97,16.19,17938849.0,16.19
2012-03-23,16.11,16.13,15.96,16.01,11901609.0,16.01
2012-03-26,16.02,16.08,15.98,16.04,8246121.0,16.04
2012-03-27,16.11,16.16,16.05,16.07,11120921.0,16.07
2012-03-28,16.06,16.1,15.76,15.78,20448297.0,15.78
2012-03-29,15.78,15.78,15.46,15.57,18886584.0,15.57
2012-03-30,15.63,15.73,15.59,15.71,10631246.0,15.71
2012-04-05,15.71,15.79,15.45,15.74,18379254.0,15.74
2012-04-06,15.7,16.01,15.63,15.99,19387554.0,15.99
2012-04-09,15.9,15.9,15.7,15.75,9319714.0,15.75
2012-04-10,15.72,15.89,15.58,15.88,19699850.0,15.88
2012-04-11,15.68,15.94,15.66,15.83,10514365.0,15.83
2012-04-12,15.84,16.34,15.75,16.33,27577946.0,16.33
2012-04-13,16.35,16.61,16.2,16.3,33774471.0,16.3
2012-04-16,16.19,16.35,16.08,16.18,13367317.0,16.18
2012-04-17,16.14,16.23,15.98,15.99,11895119.0,15.99
2012-04-18,16.02,16.33,16.02,16.26,15960090.0,16.26
2012-04-19,16.3,16.37,16.2,16.36,13739186.0,16.36
2012-04-20,16.3,16.6,16.25,16.58,25807487.0,16.58
2012-04-23,16.54,16.62,16.35,16.42,19738112.0,16.42
2012-04-24,16.4,17.12,16.38,16.76,47804023.0,16.76
2012-04-25,16.62,16.86,16.58,16.86,20892365.0,16.86
2012-04-26,16.88,16.91,16.46,16.58,28341442.0,16.58
2012-04-27,16.63,16.75,16.47,16.56,16661706.0,16.56
2012-05-02,16.72,16.94,16.64,16.78,26117210.0,16.78
2012-05-03,16.78,16.84,16.61,16.63,16148709.0,16.63
2012-05-04,16.61,16.73,16.57,16.71,14029557.0,16.71
2012-05-07,16.61,16.74,16.48,16.6,25573094.0,16.6
2012-05-08,16.56,16.58,16.45,16.54,17512997.0,16.54
2012-05-09,16.45,16.47,16.12,16.16,21367675.0,16.16
2012-05-10,16.16,16.26,16.07,16.13,12942834.0,16.13
2012-05-11,16.13,16.2,16.01,16.02,16251980.0,16.02
2012-05-14,16.14,16.16,15.9,15.94,20696000.0,15.94
2012-05-15,15.9,16.06,15.8,16.02,13445478.0,16.02
2012-05-16,16.0,16.0,15.75,15.76,15030511.0,15.76
2012-05-17,15.8,15.97,15.76,15.94,13338999.0,15.94
2012-05-18,15.8,15.91,15.66,15.72,15786319.0,15.72
2012-05-21,15.72,15.84,15.7,15.77,8569485.0,15.77
2012-05-22,15.83,15.99,15.83,15.97,11359898.0,15.97
2012-05-23,15.97,15.97,15.97,15.97,0.0,15.97
2012-05-24,15.88,15.91,15.67,15.71,19407374.0,15.71
2012-05-25,15.72,15.76,15.6,15.62,9892922.0,15.62
2012-05-28,15.62,15.81,15.52,15.81,13720237.0,15.81
2012-05-29,15.8,15.96,15.65,15.93,28680861.0,15.93
2012-05-30,15.86,15.88,15.6,15.7,21712593.0,15.7
2012-05-31,15.67,15.77,15.56,15.69,15325128.0,15.69
2012-06-01,15.7,15.88,15.65,15.78,15835304.0,15.78
2012-06-04,15.61,15.64,15.38,15.4,17177789.0,15.4
2012-06-05,15.44,15.46,15.26,15.26,24614407.0,15.26
2012-06-06,15.3,15.35,15.25,15.32,18886005.0,15.32
2012-06-07,15.43,15.48,15.17,15.21,13130248.0,15.21
2012-06-08,15.25,15.27,14.77,14.81,39755724.0,14.81
2012-06-11,14.85,14.93,14.72,14.79,26550911.0,14.79
2012-06-12,14.7,14.78,14.45,14.53,29815536.0,14.53
2012-06-13,14.58,14.91,14.5,14.84,26011662.0,14.84
2012-06-14,14.76,14.81,14.61,14.64,13047824.0,14.64
2012-06-15,14.71,15.35,14.71,15.16,42295157.0,15.16
2012-06-18,15.14,15.23,15.06,15.21,19873335.0,15.21
2012-06-19,15.15,15.37,15.11,15.25,14992460.0,15.25
2012-06-20,15.33,15.5,15.2,15.23,14370713.0,15.23
2012-06-21,15.22,15.23,14.86,14.9,14483296.0,14.9
2012-06-25,14.88,15.06,14.77,14.77,16435834.0,14.77
2012-06-26,14.81,15.01,14.79,14.9,13492363.0,14.9
2012-06-27,14.91,14.96,14.8,14.86,8177633.0,14.86
2012-06-28,14.86,14.96,14.71,14.73,10084717.0,14.73
2012-06-29,14.77,15.23,14.7,15.16,18455457.0,15.16
2012-07-02,15.23,15.23,15.0,15.15,15564511.0,15.15
2012-07-03,15.11,15.28,15.02,15.13,12372795.0,15.13
2012-07-04,15.13,15.48,15.13,15.28,19766959.0,15.28
2012-07-05,15.23,15.33,15.15,15.19,10289670.0,15.19
2012-07-06,14.95,15.2,14.75,15.14,16545450.0,15.14
2012-07-09,15.06,15.06,14.71,14.71,16095224.0,14.71
2012-07-10,14.72,15.03,14.71,14.91,12370989.0,14.91
2012-07-11,14.86,14.97,14.78,14.86,7544441.0,14.86
2012-07-12,14.82,14.94,14.65,14.88,19473086.0,14.88
2012-07-13,14.8,15.14,14.75,14.98,11070005.0,14.98
2012-07-16,15.0,15.07,14.85,14.85,10860266.0,14.85
2012-07-17,14.85,15.04,14.82,15.03,9160116.0,15.03
2012-07-18,14.98,15.03,14.85,15.01,7561238.0,15.01
2012-07-19,14.99,15.1,14.88,15.02,13626372.0,15.02
2012-07-20,14.87,14.96,14.82,14.85,10673403.0,14.85
2012-07-23,14.76,14.81,14.66,14.81,15049383.0,14.81
2012-07-24,14.75,14.97,14.74,14.8,10094330.0,14.8
2012-07-25,14.8,14.87,14.62,14.64,9840494.0,14.64
2012-07-26,14.64,14.81,14.61,14.65,7290309.0,14.65
2012-07-27,14.72,14.94,14.65,14.75,10966060.0,14.75
2012-07-30,14.76,15.07,14.76,14.85,11842631.0,14.85
2012-07-31,14.89,15.13,14.86,15.1,15313469.0,15.1
2012-08-01,15.08,15.22,15.0,15.16,12186730.0,15.16
2012-08-02,15.16,15.2,15.06,15.16,8907731.0,15.16
2012-08-03,15.15,15.19,15.03,15.15,9438713.0,15.15
2012-08-06,15.13,15.22,15.1,15.1,15331221.0,15.1
2012-08-07,15.09,15.15,14.94,14.96,15982578.0,14.96
2012-08-08,14.95,15.05,14.94,15.04,11754171.0,15.04
2012-08-09,15.03,15.04,14.91,15.04,8575072.0,15.04
2012-08-10,15.07,15.17,15.07,15.08,10549817.0,15.08
2012-08-13,15.1,15.17,15.02,15.03,10799064.0,15.03
2012-08-14,15.03,15.3,14.94,15.26,18037022.0,15.26
2012-08-15,15.16,15.24,15.01,15.1,11614215.0,15.1
2012-08-16,15.03,15.04,14.86,14.91,14681599.0,14.91
2012-08-17,14.91,15.1,14.88,15.06,10399698.0,15.06
2012-08-20,14.99,15.0,14.73,14.85,15579504.0,14.85
2012-08-21,14.85,14.88,14.74,14.79,13021973.0,14.79
2012-08-22,14.8,14.81,14.61,14.67,12518267.0,14.67
2012-08-23,14.68,14.74,14.54,14.62,13128906.0,14.62
2012-08-24,14.59,14.6,14.36,14.37,18817910.0,14.37
2012-08-27,14.36,14.37,14.05,14.11,16775926.0,14.11
2012-08-28,14.13,14.46,14.03,14.37,15910898.0,14.37
2012-08-29,14.3,14.32,14.19,14.28,6948365.0,14.28
2012-08-30,14.16,14.37,14.15,14.28,8987322.0,14.28
2012-08-31,14.24,14.43,14.19,14.19,8561919.0,14.19
2012-09-03,14.22,14.3,14.18,14.21,10112994.0,14.21
2012-09-04,14.21,14.25,13.82,13.87,20775580.0,13.87
2012-09-05,13.85,13.87,13.54,13.62,17219018.0,13.62
2012-09-06,13.63,13.75,13.56,13.73,10356038.0,13.73
2012-09-07,13.8,14.4,13.76,14.21,28173773.0,14.21
2012-09-10,14.2,14.23,13.95,14.07,23677797.0,14.07
2012-09-11,14.01,14.05,13.91,14.02,8743686.0,14.02
2012-09-12,14.08,14.15,13.86,13.98,12245281.0,13.98
2012-09-13,13.96,14.03,13.89,13.89,8244257.0,13.89
2012-09-14,13.98,14.14,13.86,14.05,15327279.0,14.05
2012-09-17,14.02,14.02,13.68,13.71,11471438.0,13.71
2012-09-18,13.68,13.68,13.49,13.51,12250194.0,13.51
2012-09-19,13.52,13.57,13.21,13.34,18434609.0,13.34
2012-09-20,13.31,13.31,13.0,13.01,18134615.0,13.01
2012-09-21,13.0,13.03,12.83,12.88,15751258.0,12.88
2012-09-24,12.82,13.0,12.59,12.91,17905626.0,12.91
2012-09-25,12.88,12.88,12.7,12.74,9882594.0,12.74
2012-09-26,12.75,12.79,12.6,12.64,7078915.0,12.64
2012-09-27,12.64,13.26,12.63,13.03,21538709.0,13.03
2012-09-28,12.95,13.15,12.89,13.13,15095772.0,13.13
2012-10-08,13.14,13.23,12.9,12.96,10638633.0,12.96
2012-10-09,13.0,13.33,13.0,13.29,16481579.0,13.29
2012-10-10,13.29,13.3,13.2,13.29,9976558.0,13.29
2012-10-11,13.3,13.3,13.18,13.22,9574790.0,13.22
2012-10-12,13.27,13.43,13.21,13.29,10145190.0,13.29
2012-10-15,13.3,13.31,13.05,13.1,8911948.0,13.1
2012-10-16,13.13,13.35,13.07,13.22,12634649.0,13.22
2012-10-17,13.27,13.38,13.23,13.36,12188114.0,13.36
2012-10-18,13.38,13.56,13.35,13.51,15917879.0,13.51
2012-10-19,13.42,13.46,13.36,13.43,10071311.0,13.43
2012-10-22,13.38,13.51,13.29,13.47,13408932.0,13.47
2012-10-23,13.48,13.5,13.27,13.3,11680820.0,13.3
2012-10-24,13.27,13.4,13.23,13.29,8995284.0,13.29
2012-10-25,13.32,13.34,13.19,13.21,12337754.0,13.21
2012-10-26,13.27,13.3,12.9,12.93,17138011.0,12.93
2012-10-29,12.9,13.05,12.87,12.94,12964193.0,12.94
2012-10-30,12.94,13.14,12.92,13.09,14292166.0,13.09
2012-10-31,13.12,13.21,13.06,13.16,7512545.0,13.16
2012-11-01,13.16,13.51,13.15,13.38,13800345.0,13.38
2012-11-02,13.38,13.57,13.37,13.53,16333697.0,13.53
2012-11-05,13.54,13.71,13.5,13.61,14675465.0,13.61
2012-11-06,13.59,13.62,13.38,13.58,13017945.0,13.58
2012-11-07,13.51,13.63,13.43,13.55,8816884.0,13.55
2012-11-08,13.44,13.53,13.38,13.38,8472817.0,13.38
2012-11-09,13.37,13.44,13.33,13.42,6217075.0,13.42
2012-11-12,13.39,13.63,13.38,13.62,14534904.0,13.62
2012-11-13,13.61,13.61,13.38,13.42,9993534.0,13.42
2012-11-14,13.5,13.5,13.33,13.38,7526378.0,13.38
2012-11-15,13.3,13.39,13.1,13.15,7651970.0,13.15
2012-11-16,13.1,13.15,12.92,13.1,14755857.0,13.1
2012-11-19,13.02,13.11,12.93,13.09,9836934.0,13.09
2012-11-20,13.09,13.11,12.92,13.08,7975806.0,13.08
2012-11-21,13.04,13.3,12.99,13.26,10792687.0,13.26
2012-11-22,13.24,13.26,13.11,13.15,4858906.0,13.15
2012-11-23,13.19,13.33,13.14,13.26,8031817.0,13.26
2012-11-26,13.24,13.25,13.1,13.13,5737293.0,13.13
2012-11-27,13.08,13.19,13.06,13.18,8875244.0,13.18
2012-11-28,13.12,13.19,13.08,13.09,7213613.0,13.09
2012-11-29,13.09,13.1,12.74,12.74,20497422.0,12.74
2012-11-30,12.7,12.88,12.7,12.8,9664616.0,12.8
2012-12-03,12.81,12.83,12.5,12.56,14072783.0,12.56
2012-12-04,12.56,12.77,12.48,12.7,11692406.0,12.7
2012-12-05,12.66,13.47,12.63,13.39,40236393.0,13.39
2012-12-06,13.35,13.56,13.31,13.51,36101524.0,13.51
2012-12-07,13.51,14.03,13.48,14.02,45656785.0,14.02
2012-12-10,14.15,14.42,13.87,14.32,48181441.0,14.32
2012-12-11,14.2,14.37,14.09,14.11,26068303.0,14.11
2012-12-12,14.13,14.39,14.09,14.24,22739653.0,14.24
2012-12-13,14.19,14.22,14.05,14.06,18964925.0,14.06
2012-12-14,14.04,15.2,14.02,15.18,77413771.0,15.18
2012-12-17,15.2,15.32,15.0,15.22,48778002.0,15.22
2012-12-18,15.15,15.47,15.04,15.25,41162950.0,15.25
2012-12-19,15.2,15.34,15.14,15.18,27157618.0,15.18
2012-12-20,15.1,15.15,14.78,15.11,29347538.0,15.11
2012-12-21,15.08,15.14,14.85,14.87,24527161.0,14.87
2012-12-24,14.84,15.21,14.82,14.92,21777834.0,14.92
2012-12-25,14.89,15.58,14.8,15.41,44988146.0,15.41
2012-12-26,15.4,15.45,15.25,15.37,30801434.0,15.37
2012-12-27,15.43,15.56,15.27,15.48,28363030.0,15.48
2012-12-28,15.45,15.78,15.37,15.6,24234913.0,15.6
2012-12-31,15.71,16.17,15.65,16.02,37868419.0,16.02
2013-01-04,16.32,16.45,15.92,15.99,44385137.0,15.99
2013-01-07,15.98,16.35,15.88,16.3,35716925.0,16.3
2013-01-08,16.3,16.37,15.86,16.0,31247912.0,16.0
2013-01-09,15.96,16.02,15.8,15.86,25132915.0,15.86
2013-01-10,15.86,16.1,15.79,15.87,24003027.0,15.87
2013-01-11,15.87,16.04,15.45,15.54,25126855.0,15.54
2013-01-14,15.49,17.09,15.49,17.09,93989590.0,17.09
2013-01-15,17.12,17.92,17.09,17.61,98406443.0,17.61
2013-01-16,17.61,17.91,17.22,17.82,68270094.0,17.82
2013-01-17,17.7,18.28,17.46,17.74,67577208.0,17.74
2013-01-18,17.87,18.42,17.6,18.33,66536765.0,18.33
2013-01-21,18.3,19.7,17.99,19.7,78213642.0,19.7
2013-01-22,19.46,20.9,19.33,20.48,106876963.0,20.48
2013-01-23,20.01,20.41,19.3,20.05,63569846.0,20.05
2013-01-24,20.03,20.58,19.3,19.45,85723640.0,19.45
2013-01-25,19.5,19.58,18.94,19.15,61431248.0,19.15
2013-01-28,19.16,21.07,19.16,21.07,116399524.0,21.07
2013-01-29,21.3,21.55,20.63,21.38,108289498.0,21.38
2013-01-30,21.1,21.34,20.8,21.33,58362498.0,21.33
2013-01-31,21.27,21.34,20.8,21.1,41588420.0,21.1
2013-02-01,21.02,22.55,20.79,22.43,82408046.0,22.43
2013-02-04,22.26,22.79,21.71,22.01,85741999.0,22.01
2013-02-05,21.74,22.16,21.19,21.78,42689100.0,21.78
2013-02-06,21.7,21.98,21.45,21.86,38082657.0,21.86
2013-02-07,21.7,21.81,20.31,20.85,58612692.0,20.85
2013-02-08,20.78,21.05,20.39,20.75,46202466.0,20.75
2013-02-18,20.91,21.49,20.73,20.9,42181312.0,20.9
2013-02-19,20.8,21.11,20.67,20.81,48650849.0,20.81
2013-02-20,20.85,20.99,19.69,20.3,65915770.0,20.3
2013-02-21,20.0,20.0,19.06,19.6,74024478.0,19.6
2013-02-22,19.5,19.69,18.95,19.12,46859523.0,19.12
2013-02-25,19.26,20.3,19.22,20.01,61630067.0,20.01
2013-02-26,19.81,21.97,19.7,20.85,103481473.0,20.85
2013-02-27,21.01,21.82,20.85,21.02,70067663.0,21.02
2013-02-28,21.14,23.0,21.03,23.0,111989172.0,23.0
2013-03-01,22.93,23.24,22.37,23.06,103782380.0,23.06
2013-03-04,22.45,23.0,21.53,21.75,109877959.0,21.75
2013-03-05,21.8,23.93,21.79,23.93,116898727.0,23.93
2013-03-06,24.5,24.71,23.92,24.25,113828103.0,24.25
2013-03-07,23.95,24.12,22.75,23.74,89267089.0,23.74
2013-03-08,23.8,23.98,22.46,22.86,92586829.0,22.86
2013-03-11,22.72,22.98,21.85,22.63,57329336.0,22.63
2013-03-12,22.6,22.79,21.31,21.72,84076906.0,21.72
2013-03-13,21.69,22.58,21.61,22.09,83690151.0,22.09
2013-03-14,22.0,22.09,21.3,21.67,57785359.0,21.67
2013-03-15,21.66,22.63,20.8,22.2,94357410.0,22.2
2013-03-18,21.7,22.0,21.21,21.35,74529480.0,21.35
2013-03-19,21.3,21.73,21.04,21.5,52977120.0,21.5
2013-03-20,21.43,23.27,21.4,23.1,130937025.0,23.1
2013-03-21,22.99,23.21,22.68,22.96,71531771.0,22.96
2013-03-22,22.95,23.14,22.78,23.03,41182525.0,23.03
2013-03-25,23.13,23.28,22.67,22.76,45289371.0,22.76
2013-03-26,22.59,22.59,22.08,22.14,55977300.0,22.14
2013-03-27,22.17,22.67,21.92,22.15,38599693.0,22.15
2013-03-28,21.0,21.0,19.94,20.02,117504326.0,20.02
2013-03-29,20.02,20.37,19.64,20.12,56984842.0,20.12
2013-04-01,20.2,20.6,20.1,20.39,38554183.0,20.39
2013-04-02,20.38,20.9,20.19,20.44,46305475.0,20.44
2013-04-03,20.56,20.79,20.31,20.45,22458964.0,20.45
2013-04-08,19.79,20.1,19.58,19.93,40771477.0,19.93
2013-04-09,19.99,20.26,19.91,19.94,38049112.0,19.94
2013-04-10,19.88,19.9,19.13,19.4,50776709.0,19.4
2013-04-11,19.59,19.7,19.29,19.41,31178899.0,19.41
2013-04-12,19.45,19.48,18.8,18.9,80532279.0,18.9
2013-04-15,18.94,19.06,18.41,18.56,57095699.0,18.56
2013-04-16,18.33,18.76,18.1,18.75,65549248.0,18.75
2013-04-17,18.7,18.77,18.05,18.49,64270316.0,18.49
2013-04-18,18.22,19.19,18.09,19.1,90124467.0,19.1
2013-04-19,19.0,20.6,18.94,20.24,147838012.0,20.24
2013-04-22,20.0,20.37,19.91,20.23,69291441.0,20.23
2013-04-23,20.33,20.39,19.05,19.08,80265938.0,19.08
2013-04-24,18.75,19.79,18.55,19.4,73338046.0,19.4
2013-04-25,19.0,19.38,18.74,18.83,44685588.0,18.83
2013-04-26,18.99,19.22,18.65,18.7,33673898.0,18.7
2013-05-02,18.6,18.92,18.4,18.91,23757279.0,18.91
2013-05-03,18.98,20.21,18.86,19.73,72012610.0,19.73
2013-05-06,19.84,20.56,19.68,20.31,84054468.0,20.31
2013-05-07,20.16,20.38,19.88,20.25,42417084.0,20.25
2013-05-08,20.35,20.87,19.92,20.38,62878713.0,20.38
2013-05-09,20.27,20.27,19.8,20.13,48361312.0,20.13
2013-05-10,20.0,20.42,19.89,20.19,38624829.0,20.19
2013-05-13,20.11,20.2,19.8,19.92,32387980.0,19.92
2013-05-14,19.92,19.93,19.11,19.29,49816079.0,19.29
2013-05-15,19.29,19.42,19.15,19.3,24208282.0,19.3
2013-05-16,19.21,20.47,19.05,20.31,81311587.0,20.31
2013-05-17,20.28,20.53,19.92,20.39,59580700.0,20.39
2013-05-20,20.48,21.5,20.38,20.98,87697458.0,20.98
2013-05-21,20.8,21.21,20.74,21.1,44757454.0,21.1
2013-05-22,21.1,21.29,20.92,21.16,41311346.0,21.16
2013-05-23,21.01,21.2,20.5,20.52,50740941.0,20.52
2013-05-24,20.55,20.94,20.31,20.69,33280996.0,20.69
2013-05-27,20.59,20.88,20.29,20.42,35854608.0,20.42
2013-05-28,20.42,21.7,20.24,21.6,78361711.0,21.6
2013-05-29,21.61,21.69,21.22,21.28,53259775.0,21.28
2013-05-30,21.22,21.58,21.06,21.2,42544168.0,21.2
2013-05-31,21.25,21.49,20.98,20.99,36186204.0,20.99
2013-06-03,20.93,21.19,20.79,20.91,34379291.0,20.91
2013-06-04,20.91,21.33,20.78,21.13,44215691.0,21.13
2013-06-05,21.01,21.11,20.62,20.81,30574507.0,20.81
2013-06-06,20.59,20.77,20.04,20.13,43527000.0,20.13
